상호명,주소,신주소,경도,위도
1898 명동성당 ,100-809 서울 중구 명동2가 1-1 ,"04537 서울 중구 명동길 74 (명동2가, 명동성당) ",,
SeMA 벙커 ,150-010 서울 영등포구 여의도동 2-6 ,07327 서울 영등포구 의사당대로 지하 101 (여의도역) ,,
63스퀘어,150-763 서울 영등포구 여의도동 60 ,"07345 서울 영등포구 63로 50 (여의도동, 63한화생명빌딩) ",,
THEO 띠오, 서울 강남구 삼성동 124-16 ,"06156 서울 강남구 봉은사로68길 55-3 (삼성동, BANG2011)  지하 1층",127.052814516912,37.5091076879546
JS슈즈디자인연구소, 서울 성동구 성수동2가 350 ,04775 서울 성동구 성덕정길 72-4 (성수동2가) 2층 ,127.0514181912,37.53785947208
ECC(Ewha Campus Complex),120-750 서울 서대문구 대현동 11-1 ,"03760 서울 서대문구 이화여대길 52 (대현동, 이화여자대학교) ",,
aT센터, 서울 서초구 양재동 232 ,"06774 서울 서초구 강남대로 27 (양재동, AT센터) ",127.03914128256,37.4682564509667
HYBE INSIGHT (하이브 뮤지엄), 서울 용산구 한강로3가 65-9 ,"04389 서울 용산구 한강대로 42 (한강로3가, 용산트레이드센터) 하이브 인사이트 지하 1, 2층",126.964232254597,37.5246225124344
KCDF갤러리, 서울 종로구 관훈동 182-2 ,"03145 서울 종로구 인사동11길 8 (관훈동, 공예종합유통지원센터) ",126.98411998685,37.5740167194827
PKM갤러리,110-230 서울 종로구 삼청동 157-83 ,"03049 서울 종로구 삼청로7길 40 (삼청동, 피케이엠 갤러리) ",,
SJ쿤스트할레,135-819 서울 강남구 논현동 97-22 ,06054 서울 강남구 언주로148길 5 (논현동) ,,
만나분식,  ,"06284 서울 강남구 삼성로 212 (대치동, 은마아파트) ",,
가무,  ,04536 서울 중구 명동4길 16 ,,
경복궁 돌담길 , 서울 종로구 세종로 1-1 ,"03045 서울 종로구 사직로 161 (세종로, 경복궁) ",126.9768513578,37.5808477574564
서울메트로미술관, 서울 종로구 적선동 81-1 ,"03170 서울 종로구 사직로 지하 130 (적선동, 3호선 경복궁역) ",126.973206515467,37.5757611449079
경희대학교 자연사박물관,130-701 서울 동대문구 회기동 1 ,02447 서울특별시 동대문구 경희대로 26 자연사박물관,,
국립한글박물관 , 서울 용산구 용산동6가 168-6 ,"04383 서울 용산구 서빙고로 139 (용산동6가, 국립한글박물관) ",126.981719904907,37.5225181679263
국립현대미술관 서울관 갤러리아트존,110-200 서울 종로구 소격동 165 국립현대미술관 ,03062 서울 종로구 삼청로 30 (소격동) 국립현대미술관 ,,
낙원떡집, 서울 종로구 낙원동 9 ,03132 서울 종로구 삼일대로 438 (낙원동) ,126.987918610698,37.573794623626
만나분식,  ,03039 서울 종로구 필운대로1길 4 1층 ,,
납청놋전,  ,03146 서울 종로구 인사동10길 5 (관훈동) ,,
디지털미디어시티, 서울 마포구 상암동 1612 택지개발지구 DMC,"03926 서울 마포구 월드컵북로 366 (상암동, DMC 홍보관) ",126.892113669313,37.5777329331873
백범광장공원,100-873 서울 중구 회현동1가 100-5 ,04633 서울 중구 퇴계로8길 49-4 ,,
백양세탁, 서울 종로구 계동 140-24 ,03057 서울 종로구 계동길 54 (계동) ,126.986825741944,37.579720526952
서대문형무소역사관,120-080 서울 서대문구 현저동 101 ,"03732 서울 서대문구 통일로 251 (현저동, 독립공원) ",,
서울상회,  ,04528 서울 중구 남대문시장4길 2 ,,
상진다방, 서울 영등포구 문래동2가 14-84 ,"07290 서울 영등포구 도림로133길 9 (문래동2가, 상진빌딩) ",126.894577756619,37.5135123288362
서울시립 사진미술관, 서울 도봉구 창동 1-7 서울시립 사진미술관,01411 서울 도봉구 마들로13길 68 (창동) 서울시립 사진미술관,127.050521442392,37.6590213413335
서울올림픽기념관,138-749 서울 송파구 방이동 88 올림픽회관 서울올림픽기념관,"05540 서울 송파구 올림픽로 424 (방이동, 올림픽공원) ",,
가미분식,  ,03767 서울 서대문구 이화여대8길 2 무궁화상가아파트 ,,
가나아트센터,110-846 서울 종로구 평창동 97 ,03004 서울 종로구 평창30길 28 (가나아트센타) ,,
가봉루, 서울 종로구 당주동 168 ,"03182 서울 종로구 새문안로5길 5-27 (당주동, 당주빌딩) ",126.974562841007,37.5710214010082
가원공방,  ,03138 서울 종로구 돈화문로6나길 45 (봉익동) ,,
가을단풍길(월드컵로), 서울 마포구 상암동 1730 ,03906 서울 마포구 월드컵로42길 9-1 (가로판매대07) ,126.880562828932,37.5800643947976
가회민화박물관　,110-260 서울 종로구 가회동 28 ,03056 서울 종로구 북촌로 52 (가회동) 가회민화박물관,,
개미슈퍼, 서울 용산구 서계동 39 ,04303 서울 용산구 청파로85길 31 (서계동) ,126.967287824653,37.5525587288281
갤러리 3안,110-230 서울 종로구 삼청동 27-22 ,03053 서울 종로구 북촌로 137-7 (삼청동) ,,
갤러리 팩토리, 서울 종로구 창성동 127-3 ,03043 서울 종로구 자하문로10길 15 ,126.972412473333,37.5795209010073
갤러리 학고재, 서울 종로구 소격동 70,03053 서울특별시 종로구 삼청로 50 (소격동) ,126.98029596319,37.5803295904647
갤러리 현대,110-190 서울 종로구 사간동 80 ,"03062 서울 종로구 삼청로 14 (사간동, 현대갤러리) ",,
갤러리모순, 서울 중구 정동 1-28 ,"04518 서울 중구 정동길 33 (정동, 신아일보) 203호 ",126.972163155646,37.5662190936015
서울시립과학관, 서울 노원구 하계동 21 ,"01792 서울 노원구 한글비석로 160 (하계동, 서울시립과학관) ",127.077370340001,37.6421145290796
거안,  ,"03146 서울 종로구 인사동길 44 (관훈동, 쌈지길) ",,
겸재정선미술관,157-801 서울 강서구 가양1동 243-1 ,"07522 서울 강서구 양천로47길 36 (가양동, 겸재정선미술관) ",,
경교장,110-746 서울 종로구 평동 108-1 ,03181 서울 종로구 새문안로 29 (경교장) ,,
경국사 , 서울 성북구 정릉동 751 ,"02705 서울 성북구 보국문로 113-10 (정릉동, 경국사) ",127.004899872436,37.6146625924315
경기떡집, 서울 마포구 망원동 378-7 ,04013 서울 마포구 동교로9길 24 (망원동) ,126.91030198867,37.5550574793311
경복궁,110-820 서울 종로구 세종로 1-1 ,"03045 서울 종로구 사직로 161 (세종로, 경복궁) ",,
경복궁 집옥재, 서울 종로구 세종로 1-1 ,"03045 서울 종로구 사직로 161 (세종로, 경복궁) ",126.9768513578,37.5808477574564
경은상사,  ,03140 서울 종로구 삼일대로 428 낙원상가 2층 B-282호 ,,
경인미술관,  ,03146 서울 종로구 인사동10길 11-4  ,,
경찰박물관,110-062 서울 종로구 신문로2가 58 ,"03178 서울 종로구 새문안로 41 (신문로2가, 경찰박물관) ",,
경희궁,110-062 서울 종로구 신문로2가 1-126 ,03177 서울 종로구 새문안로 45 (경희궁) ,,
숙정문,136-822 서울 성북구 성북동 산 25-1 ,"02822 서울 성북구 대사관로 1 (성북동, 홍련사(조계종)) ",,
경희대학교 중앙박물관,130-050 서울특별시 동대문구 회기동 1-5 중앙도서관 4층,02447 서울특별시 동대문구 경희대로 26 경희대학교 서울캠퍼스  중앙도서관 4층,,
경희대학교 한의학역사박물관, 서울 동대문구 회기동 1-5 1,"02453 서울 동대문구 경희대로 26-6 (회기동, 경희대학교) ",,
고궁을 찾다,  ,  ,,
고려대학교 본관 및 구 중앙도서관,136-701 서울 성북구 안암동5가 1-2 1-2,"02841 서울 성북구 안암로 145 (안암동5가, 고려대학교안암캠퍼스) ",,
고려삼계탕,100-814 서울 중구 서소문동 55-3 ,04516 서울 중구 서소문로11길 1 (서소문동) ,,
고터?세빛 관광안내소, 서울 서초구 반포동 1 ,06506 서울 서초구 반포대로 333 공공보행통로 내(G2출구~반포한강공원) ,126.99796905841,37.5070610418124
공근혜갤러리,110-230 서울 종로구 삼청동 157-78 ,03049 서울 종로구 삼청로7길 38 (삼청동) ,,
공평도시유적전시관, 서울 종로구 공평동 5-1 ,03161 서울 종로구 우정국로 26 (센트로폴리스 지하 1층) ,,
공항칼국수, 서울 강서구 공항동 49-2 ,"07622 서울 강서구 공항대로 18-1 (공항동, 이스카이오피스텔) 지하 1층",126.809156819392,37.5609717391995
광성유통, 서울 동대문구 제기동 996 1층 광성유통,02571 서울 동대문구 고산자로36길 30 (제기동) 1층 광성유통,127.040139887797,37.5790994191547
광화문 관광안내소,110-822 서울 종로구 세종로 215 동화면세점 앞,03186 서울 종로구 세종대로 145-2 (광화문빌딩) 동화면세점 앞,,
광희문,100-888 서울 중구 신당동 228-16 ,04612 서울 중구 퇴계로 350 (신당동) ,,
구 공업전습소 본관(구 중앙시험소 청사),110-810 서울 종로구 동숭동 169-1  한국방송통신대학교 역사관,03087 서울 종로구 대학로 86 한국방송통신대학교 역사관,,
구암공원,157-807 서울 강서구 가양동 1471 ,"07525 서울 강서구 허준로5길 42 (가양동, 구암공원관리사무실) ",,
국립고궁박물관,110-820 서울 종로구 세종로 1-57 ,"03045 서울 종로구 효자로 12 (세종로, 국립고궁박물관) ",,
국립국악박물관,137-718 서울 서초구 서초동 700 ,"06757 서울 서초구 남부순환로 2364 (서초동, 국립국악원) ",,
국립기상박물관, 서울 종로구 송월동 1-1 ,"03178 서울 종로구 송월길 52 (송월동, 국립기상박물관) ",126.965902780069,37.5713662807632
국립민속박물관,110-820 서울 종로구 세종로 1-1 1-1,"03045 서울 종로구 삼청로 37 (세종로, 국립민속박물관) ",,
아쿠아플라넷63, 서울 영등포구 여의도동 60 ,"07345 서울 영등포구 63로 50 (여의도동, 63한화생명빌딩) ",126.940072207409,37.5198336265907
국립서울현충원,156-080 서울 동작구 사당2동 산 41-2 ,"06984 서울 동작구 현충로 210 (동작동, 국립현충원) ",,
국립어린이민속박물관,110-820 서울 종로구 세종로 1-1 ,"03045 서울 종로구 삼청로 37 (세종로, 국립민속박물관) ",,
국립중앙도서관, 서울특별시 서초구 반포4동 산 60-1, 서울특별시 서초구 반포대로 201 (반포동) ,127.003388951961,37.4973931284854
국립중앙박물관,140-797 서울 용산구 용산동6가 168-6 ,04383 서울 용산구 서빙고로 137 (국립중앙박물관) ,,
국립중앙박물관 어린이박물관,140-797 서울 용산구 용산동6가 168-6 ,"04383 서울 용산구 서빙고로 137 (용산동6가, 국립중앙박물관) ",,
라칸티나 ,100-842 서울 중구 을지로1가 50 삼성빌딩 지하 1층,"04523 서울 중구 을지로 19 (을지로1가, 삼성빌딩) 삼성빌딩 지하 1층",,
국립항공박물관	, 서울 강서구 공항동 1373-5 ,"07505 서울 강서구 하늘길 177 (공항동, 국립항공박물관) ",126.808473241266,37.5567561342473
국립현대미술관 덕수궁관,100-120 서울 중구 정동 5-1 덕수궁 석조전 서관,04519 서울특별시 중구 세종대로 99 (정동) ,,
용산가족공원,140-026 서울 용산구 용산동6가 68-90 ,04383 서울 용산구 서빙고로 185 (용산공원) ,,
국립현대미술관 서울관,110-200 서울 종로구 소격동 165 165,03062 서울 종로구 삼청로 30 (소격동) ,,
국선옻칠,  ,03195 서울 종로구 창경궁로 88 광장3층 2390호 ,,
예술의 전당 한가람미술관,137-070 서울 서초구 서초동 700,06757 서울특별시 서초구 남부순환로 2406  (서초동) ,,
국제갤러리,100-200 서울시 종로구 소격동 59-1 ,100-200 서울특별시 종로구 삼청로 54  (소격동) ,,
국회의사당,150-701 서울시 영등포구 여의도동 1 ,07233 서울특별시 영등포구 의사당대로 1  (여의도동) ,,
그날이오면, 서울 관악구 신림동 241-22 ,08814 서울 관악구 신림로 91 (신림동) 9호,126.93911993582,37.4702784892158
그래픽, 서울 용산구 이태원동 258-166 ,04344 서울 용산구 회나무로39길 33 (이태원동) ,126.993524232084,37.5409235273447
남도한식정든님고운님, 서울 중구 북창동 79 ,04526 서울 중구 세종대로14길 22-5 (북창동) ,126.97806910699,37.5625567074142
근현대사기념관, 서울 강북구 수유동 산 73-23 ,01013 서울 강북구 4.19로 114 (수유동) 근현대사기념관,127.002937816937,37.6434472803647
서울역사박물관 온라인 교육 서비스, 서울 종로구 신문로2가 2-1 ,03177 서울 종로구 새문안로 55 (신문로2가) ,126.968856070517,37.5708963268069
글벗서점, 서울 마포구 성산동 150-7 ,03941 서울 마포구 월드컵북로 210 (성산동) ,126.90580628324,37.5691971877715
금박연,  ,03056 서울 종로구 북촌로12길 24-12 ,,
금복상회,  ,08539 서울 금천구 시흥대로146길 33 ,,
금선사, 서울 종로구 구기동 196-2 ,"03000 서울 종로구 비봉길 137 (구기동, 금선사) ",126.953346316329,37.6202160824215
금호미술관,110-190 서울 종로구 사간동 78 78,"03062 서울 종로구 삼청로 18 (사간동, 금호미술관) ",,
길상사,136-022 서울 성북구 성북2동 323,136-022 서울특별시 성북구 선잠로5길 68 (성북동) ,,
그라운드서울,110-170 서울 종로구 견지동 85-24 ,03145 서울 종로구 인사동9길 26 ,,
김근태기념도서관, 서울 도봉구 도봉동 279 ,01301 서울 도봉구 도봉산길 14 (도봉동) ,127.043917478876,37.6877204531049
김종영 미술관,110-848 서울 종로구 평창동 114-8,03004 서울특별시 종로구 평창32길 30  (평창동) ,,
김포공항관광정보센터,157-220 서울 강서구 방화동 886 ,"07505 서울 강서구 하늘길 38 (방화동, 김포공항(국제청사)) ",,
나폴레옹과자점,  ,02880 서울 성북구 성북로 7 ,,
왕짱구식당, 서울 종로구 계동 73-7 ,03056 서울 종로구 계동길 83 (계동) ,126.98667130318,37.5811039856248
남대문시장 관광안내소,100-804 서울 중구 남창동 52-1 ,04528 서울 중구 남창동 52-1 코코상가 앞 (지하철4호선 회현역 5번출구 50M앞) ,,
남산골 한옥마을,100-272 서울 중구 필동2가 84-1 ,04626 서울 중구 퇴계로34길 28 (남산골한옥마을) ,,
남산서울타워 ,140-022 서울 용산구 용산동2가 산 1-3 ,"04340 서울 용산구 남산공원길 105 (용산동2가, YTN서울타워) ",,
남산케이블카, 서울 중구 회현동1가 산 1-19 ,"04630 서울 중구 소파로 83 (회현동1가, 남산케이블카) ",126.984090642873,37.5565696462715
남포면옥(중구), 서울 중구 다동 125 ,04522 서울특별시 중구 을지로3길 24 (다동) ,126.981635393957,37.567294483633
위안부 '기억의 터',100-250 서울 중구 예장동 2-1 ,04628 서울 중구 퇴계로26가길 6 (예장동) 서울종합방재센터,,
내자땅콩, 서울 종로구 내자동 21-1 ,03041 서울 종로구 사직로 111 (내자동) ,126.971128232615,37.576267103905
녹사평 육교, 서울 용산구 용산동4가 4 ,"04353 서울 용산구 녹사평대로 지하 195 (용산동4가, 6호선 녹사평역) ",126.985524548735,37.5344455261396
대림시장 감자국거리, 서울 은평구 응암동 754-1 대림시장 감자국거리,03480 서울 은평구 응암로4길 26 (응암동) 대림시장 감자국거리,126.917703382617,37.5867341972367
대성표구사, 서울 용산구 한남동 736-8 ,04404 서울 용산구 이태원로 216 (한남동) ,126.998142774515,37.5346827312153
대오서점,110-805 서울 종로구 누하동 33,03036 서울특별시 종로구 자하문로7길 55  (누하동) ,,
대한민국역사박물관, 서울시 종로구 세종로 82-1 대한민국역사박물관 ,03141 서울시 종로구 세종대로 198 (세종로) ,126.977925858596,37.5739190470275
의학박물관 (구 대한의원) ,110-744 서울특별시 종로구 연건동 28-21 ,03080 서울특별시 종로구 대학로 101 (연건동)   ,,
대한성공회서울주교좌성당(서울성공회성당), 서울 중구 정동 3, 서울특별시 중구 세종대로21길 15 (정동) ,126.975911250629,37.5671304643096
덕수궁,100-120 서울 중구 정동 5-1,04519 서울 중구 세종대로 99 ,,
덕수궁돌담길, 서울 중구 정동 4 ,04519 서울 중구 세종대로 지하 101 덕수궁 돌담길 ,126.974725185055,37.5672783400623
도산공원,135-896 서울 강남구 신사동 649-9 649-9,06020 서울 강남구 도산대로45길 20 (도산전시관) ,,
독수리다방,  ,03776 서울 서대문구 연세로 36 독수리빌딩 8층 ,,
돈의문 박물관 마을,110-062 서울 종로구 신문로2가 7-22 ,"03178 서울 종로구 송월길 14-3 (신문로2가, 국도빌딩) ",,
돈의문 터(옛 서대문),110102 서울 종로구 평동 112 ,110102 서울 종로구 평동 112 ,,
돈의문역사관,110-062 서울 종로구 신문로2가 7-33 ,03178 서울 종로구 새문안로 35-54 (신문로2가) ,,
돌 레코드,  ,04571 서울 중구 마장로9길 49-29 ,,
동대문 관광안내소,100-729 서울 중구 을지로6가 18-21 ,04564 서울 중구 장충단로 247 (굿모닝시티쇼핑몰) ,,
이길이구 갤러리, 서울 강남구 신사동 519-22 ,06034 서울 강남구 강남대로158길 35 (신사동) ,127.021474486826,37.5197815548884
동대문디자인플라자 (DDP),100-197 서울 중구 을지로7가 2-1 ,"04566 서울 중구 을지로 281 (을지로7가, 디자인장터) ",,
동대문역사관 상설전시실 재개관,100-197 서울 중구 을지로7가 2-1 ,"04566 서울 중구 을지로 281 (을지로7가, 2-1) 동대문역사공원 내 동대문역사관",,
동림매듭공방, 서울 종로구 가회동 11-7 ,03056 서울 종로구 북촌로12길 10 ,126.985618185732,37.5817846528272
동부고려제과,  ,02163 서울 중랑구 망우로 388 ,,
동양방아간, 서울 종로구 부암동 244-5 ,03020 서울 종로구 자하문로40길 77 (부암동) ,126.965980330974,37.5934862335763
명가떡집, 서울 송파구 잠실동 210 ,05564 서울 송파구 석촌호수로12길 7 (잠실동) ,127.085597417522,37.509018382913
잠실대교, 서울 송파구 잠실동 1-1 ,"05502 서울 송파구 한가람로 65 (잠실동, 한강사업본부 잠실안내센터) ",127.082348760182,37.5177740347208
떡박물관,110-360 서울 종로구 와룡동 164-2 서울 종로구 와룡동 164-2,"03132 서울 종로구 돈화문로 71 (와룡동, 떡박물관) ",,
롯데월드 민속박물관,138-721 서울 송파구 잠실동 40-1 서울 송파구 잠실동 40-1,"05554 서울 송파구 올림픽로 240 (잠실동, 롯데월드) ",,
롯데월드타워,138-240 서울 송파구 신천동 29 ,05551 서울 송파구 올림픽로 300 (신천동) ,,
명신당필방,  ,03148 서울 종로구 인사동길 34 ,,
장수갈비집본가,100-011 서울 중구 충무로1가 25-45 25-45,04535 서울 중구 명동2길 54-1 (충무로1가) ,,
리움 미술관 ,140-893 서울 용산구 한남동 742-1 ,04348 서울 용산구 이태원로55길 60-16 (한남동) ,,
마복림 할머니집, 서울 중구 신당동 292-112 ,04611 서울 중구 다산로35길 5 (신당동) ,127.015098325981,37.5632076676541
마포관광정보센터, 서울 마포구 서교동 348-78 ,04055 서울 마포구 홍익로 22 (서교동) ,126.923144541121,37.554898951641
만나당,06029 서울 강남구 신사동 550-9 1층 101호 만나당,06029 서울 강남구 논현로175길 61 (신사동) 1층 101호 만나당,,
만해한용운 심우장,136-824 서울 성북구 성북동 222-1 222-1,02879 서울 성북구 성북로29길 24 (만해 한용운 심우장) ,,
맨투맨양복점, 서울 영등포구 영등포동6가 95-9 ,07251 서울 영등포구 영등포로 181-2 (영등포동6가) ,126.901632846006,37.5206886882034
채석장 전망대, 서울 종로구 창신동 23-322 ,03091 서울 종로구 낙산5길 51 (창신동) ,127.011374472707,37.5784203995134
명동 화교거리, 서울 중구 명동2가 107-1 ,04535 서울 중구 충무로1가 15-1 ,126.981813231564,37.5621149542081
명동관광정보센터, 서울 중구 을지로2가 181 외환은행 본점 별관 1층,04538 서울 중구 을지로 66 하나금융그룹 명동사옥 별관1층 ,126.985068835529,37.5655406385591
삼청로 안내소,110-210 서울 종로구 화동 61 ,03053 서울 종로구 삼청로 68 (안송빌딩) ,,
명동성당,100-809 서울 중구 명동2가 1-1 ,04537 서울 중구 명동길 74 (명동성당) ,,
명동재미로, 서울 중구 남산동2가 30-4 ,"04631 서울 중구 퇴계로20길 24 (남산동2가, 남산동공영주차장)  ",126.9855535929,37.5592456159986
생각꿈틀미술관, 서울 서초구 양재2동 310 언남고등학교 내 언남문화체육센터 ,"06780 서울특별시 서초구 동산로 55, 언남고등학교 내 언남문화체육센터 (양재동) ",127.04429476895,37.4721300584185
명동함흥면옥,100-809 서울 중구 명동2가 26-1 ,04537 서울 중구 명동10길 35-19 (명동2가) ,,
서울기록원, 서울 은평구 녹번동 7-1 ,"03371 서울 은평구 통일로62길 7 (녹번동, 서울기록원) ",126.93475449563,37.6073947594399
모퉁이집, 서울 강남구 역삼동 818 ,06129 서울 강남구 테헤란로1길 20 (역삼동) ,127.027832250154,37.4996680930033
목인박물관,110-170 서울 종로구 견지동 82,03145 서울특별시 종로구 인사동11길 20  (견지동) ,,
몽촌역사관,138-749 서울 송파구 방이동 88-3 ,05540 서울 송파구 올림픽로 424 (몽촌역사관) ,,
문화역서울 284,100-162 서울 중구 봉래동2가 122-28 ,04509 서울 중구 통일로 1 (서울역 본옥) ,,
뮤지엄김치간,110-300 서울 종로구 관훈동 196-10 ,03149 서울 종로구 인사동길 35-4 (관훈동) ,,
미도파꽃집, 서울 영등포구 영등포동3가 33 ,"07305 서울 영등포구 경인로 지하 843 (영등포동3가, 영등포역지하도상가) ",126.907257745337,37.5167846881108
박노수미술관, 서울 종로구 옥인동 168-2 ,"03034 서울 종로구 옥인1길 34 (옥인동, 박노수 가옥) ",126.966749012082,37.5813672897438
박선영전통한복연구실, 서울 종로구 이화동 98-4 ,03100 서울 종로구 율곡로 227 (이화동) ,127.004234535162,37.5761636105313
박인당, 서울 종로구 종로2가 71-4 ,"03190 서울 종로구 종로 88 (종로2가, 경영빌딩) 302호",126.987195007203,37.5699558576208
반포대교 야경, 서울 서초구 반포동 649 반포대교 북단교차로,06500 서울 서초구 올림픽대로 2085-14 ,126.996906368142,37.5125448032198
방이동 백제고분군,138-050 서울 송파구 방이동 산47-4,05644 서울특별시 송파구 오금로 219 (방이동) ,,
배재학당역사박물관, 서울특별시 중구 정동 34-5 배재정동빌딩 동관,"04516 서울특별시 중구 서소문로11길 19, 배재정동빌딩 동관 (정동) ",126.972251840146,37.5636241554138
백인제가옥,110-260 서울 종로구 가회동 93-1 ,03055 서울 종로구 북촌로7길 16 (가회동) ,,
별마당 도서관,135-731 서울 강남구 삼성동 159 ,"06164 서울 강남구 영동대로 513 (삼성동, 코엑스) ",,
보신각(상설타종행사),110-111 서울 종로구 관철동 45-5 종각,"03189 서울 종로구 종로 54 (관철동, 보신각) ",,
봉원사, 서울 서대문구 봉원동 26 ,03721 서울 서대문구 봉원사길 120 (봉원사) ,126.94764794962,37.571917493108
봉은사 ,135-870 서울 강남구 삼성동 73 ,06087 서울 강남구 봉은사로 531 (봉은사) ,,
탈방 ,  ,03146 서울 종로구 인사동길 48 (관훈동) ,,
서울도시재생이야기관, 서울 종로구 신문로2가 6 도시재생이야기관,"03178 서울 종로구 송월길 2 (신문로2가, 서울도시건축센터) ",,
봉화묵집,  ,02813 서울 성북구 아리랑로19길 46-2 ,,
봉황각, 서울 강북구 우이동 254, 서울특별시 강북구 삼양로173길 107-12 (우이동) ,127.006205511728,37.6602933713517
부민옥, 서울 중구 다동 177-2 ,04522 서울 중구 다동길 24-12 (다동) ,126.980313602943,37.5675089779242
북악스카이웨이 북악팔각정,110-012 서울시 종로구 평창동 산6-17 ,03010 서울시 종로구 북악산로 267 (평창동) ,,
북촌동양문화박물관,110-230 서울 종로구 삼청동 35-91 ,03052 서울 종로구 북촌로11길 76 ,,
북촌목공예공방,  ,03057 서울 종로구 계동6길 12  ,,
북촌마을관광안내소,110-210 서울 종로구 화동 2 ,"03055 서울 종로구 북촌로5길 48 (화동, 정독도서관) 주요위치 : 재동초등학교 사거리 (정독도서관 부지내, 서울교육박물관 앞)",,
북촌한옥마을,110-801 서울 종로구 계동 105 북촌문화센터 일대 ,03059 서울 종로구 계동길 37 북촌문화센터 일대 (계동),,
불광대장간, 서울 은평구 대조동 80-7 ,03396 서울 은평구 통일로69길 15 (대조동) ,126.927147262183,37.6112094216892
비원떡집, 서울 종로구 가회동 163 ,03055 서울 종로구 북촌로 33-1 (가회동) ,126.984862892329,37.5797852532358
사육신공원,156-801 서울특별시 동작구 노량진1동 155-1 ,"06902 서울 동작구 노량진로 191 (노량진동, 사육신묘지공원) ",,
사직단,110-054 서울 종로구 사직동 1-48 ,03027 서울 종로구 사직로 89 ,,
사하라,  ,04214 서울 마포구 만리재로 15 제일빌딩 지하1층 2호 ,,
살곶이다리（전곶교）,133-070 서울 성동구 행당동 58,  ,,
삼보원,  ,03144 서울 종로구 우정국로 53 (견지동) 삼보원,,
삼성출판박물관,110-804 서울 종로구 구기동 126-4 ,"03007 서울 종로구 비봉길 2-2 (구기동, 삼성출판박물관) ",,
삼세영, 서울 종로구 평창동 437-2 삼세영,03003 서울 종로구 평창44길 2 (평창동) 삼세영,126.978326156394,37.613680157874
삼양탕, 서울 강북구 수유동 461-35 ,"01097 서울 강북구 덕릉로8길 6 (수유동, 삼양여관) ",127.015197312623,37.6336671379237
토탈미술관,110-848 서울 종로구 평창동 465-16 465-16,03004 서울 종로구 평창32길 8 ,,
합덕슈퍼, 서울 용산구 한남동 685-1 ,04400 서울 용산구 이태원로42길 20 (한남동) ,126.999937431642,37.5356967320401
삼청동 골목길, 서울 종로구 가회동 일대, 서울특별시 종로구 가회동 일대 ,,
삼청동 수제비, 서울 종로구 삼청동 99 ,03049 서울 종로구 삼청로 101-1 (삼청동) ,126.981908523675,37.5846110994267
상신당, 서울 강남구 논현동 16-40 ,06038 서울 강남구 강남대로146길 7 (논현동) 금원빌딩 505호,127.020704253418,37.5148577985982
서대문자연사박물관, 서울특별시 서대문구 연희동 산5-58,03718 서울특별시 서대문구 연희로32길 51 (연희동) ,,
서소문성지역사박물관,100-142 서울 중구 의주로2가 16-4 ,04510 서울 중구 칠패로 5 (의주로2가) ,,
서우제과,  ,06680 서울 서초구 방배중앙로 50 ,,
서울 관광기념품 전시관?여행자지원센터,110-748 서울 종로구 관철동 10-2 ,03190 서울 종로구 청계천로 85 (삼일빌딩) 앞 ,,
서울 한양도성,110-126 서울 종로구 종로6가 70-6 ,"03098 서울 종로구 율곡로 283 (종로6가, 서울디자인지원센터) ",,
서울공예박물관 , 서울 종로구 안국동 175-112 ,"03061 서울 종로구 율곡로3길 4 (안국동, 서울공예박물관) ",126.983335536265,37.5769054702552
서울관광플라자 관광정보센터, 서울 종로구 관철동 10-2 ,03190 종로구 청계천로 85 (삼일빌딩 1층) ,126.987170677068,37.5685959824353
서울광장,100-101 서울 중구 태평로1가 31-,100-101 서울특별시 중구 세종대로 110 (태평로1가) ,,
서울기록문화관, 서울 중구 태평로1가 31 서울도서관 3층,"04524 서울 중구 세종대로 110 (태평로1가, 서울특별시청) 서울도서관 3층",126.978203640984,37.566585446882
서울대학교 미술관 MoA,151-015 서울 관악구 신림동 산 56-1 서울대학교 미술관,"08826 서울 관악구 관악로 1 (신림동, 서울대학교) 서울대학교 미술관 (서울대학교 내)",,
서울도서관 (옛 서울시청사), 서울특별시 중구 태평로1가 31,04524 서울특별시 중구 세종대로 110 (태평로1가) ,126.978203640984,37.566585446882
서울도시건축전시관, 서울 중구 태평로1가 60-6 서울도시건축전시관,04519 서울 중구 세종대로 119 (태평로1가) ,126.976707381671,37.5669424961325
서울레코드,  ,03193 서울 종로구 종로 154 ,,
서울로7017, 서울 중구 봉래동2가 122-14 ,"04509 서울 중구 청파로 432 (봉래동2가, 코레일서울본부) ",126.969779468717,37.5584378616081
서울상상나라,143-847 서울 광진구 능동 18 ,04991 서울 광진구 능동로 216 (서울상상나라) ,,
서울생활사박물관, 서울 노원구 공릉동 622 ,01849 서울 노원구 동일로174길 27 (공릉동) 서울생활사박물관,127.076778623724,37.6196120721059
서울스카이, 서울 송파구 신천동 29 ,"05551 서울 송파구 올림픽로 300 (신천동, 롯데월드타워앤드롯데월드몰) 117~123층 ",127.103433202893,37.513101157342
서울스튜디오, 서울 강북구 미아동 777-6 1층 서울스튜디오,01127 서울 강북구 삼양로 246 ,127.018666955966,37.625379277951
하동관 ,100-021 서울 중구 명동1가 10-4 ,04538 서울 중구 명동9길 12 (명동1가) ,,
서울시립과학관, 서울 노원구 하계동 21 ,"01792 서울 노원구 한글비석로 160 (하계동, 서울시립과학관) ",127.077370340001,37.6421145290796
스마트서울 전시관, 서울 중구 태평로1가 31 ,"04524 서울 중구 세종대로 110 (태평로1가, 서울특별시청)  B1",126.978203640984,37.566585446882
스튜디오 콘크리트,140-894 서울 용산구 한남동 795-3 ,04417 서울 용산구 한남대로 162 (한남동) ,,
서울시립미술관 (서소문본관),100-813 서울 중구 서소문동 37 ,"04515 서울 중구 덕수궁길 61 (서소문동, 서울시립미술관) ",,
서울약령시 한의약박물관, 서울 동대문구 제기동 1082 ,"02570 서울 동대문구 약령중앙로 26 (제기동, 서울한방진흥센터) B2",127.037626748997,37.5806561732457
시민청 관광안내소,100-744 서울 중구 태평로1가 31 ,04524 중구 세종대로 110(신청사 지하 1층 시민청 내 인포데스크) ,,
서울역사박물관,110-062 서울 종로구 신문로2가 2-1 ,"03177 서울 종로구 새문안로 55 (신문로2가, 서울역사박물관) ",,
서울중앙성원,140-895 서울 용산구 이태원동 15-34 ,04405 서울 용산구 우사단로10길 39 ,,
서울중앙우체국,100-709 서울 중구 충무로1가 21-1 ,"04535 서울 중구 소공로 70 (충무로1가, 서울중앙우체국청사) ",,
서울하수도과학관, 서울 성동구 용답동 247-6 ,04809 서울 성동구 자동차시장3길 64 (용답동) 서울하수도과학관,127.062901609139,37.5598579192324
서정 아트 서울, 서울 강남구 논현동 270-38 ,06103 서울 강남구 봉은사로47길 12 (논현동) ,127.041233182875,37.5105408411336
서초 여행자 지원센터,137-856 서울 서초구 서초동 1318-8 ,06615 서울특별시 서초구 서초동 1318-7 ,,
서촌한옥마을, 서울 종로구 누하동 15 ,03037 서울 종로구 필운대로 45 (누하동) ,126.968506563595,37.5801985521618
석굴암, 서울 종로구 옥인동 183-1 ,03034 서울 종로구 옥인동 산3-14 ,126.964414395153,37.582445548817
석파정, 서울 종로구 부암동 201 ,03021 서울 종로구 창의문로11길 4-1 ,126.962347109454,37.5950207806517
선정릉(선릉),135-090 서울시 강남구 삼성동 135-4 ,06153 서울특별시 강남구 선릉로100길 1 (삼성동) ,,
설화철물, 서울 동작구 사당동 318-13 ,07011 서울 동작구 사당로16길 7 (사당동) ,126.97398682893,37.4829219329296
용산역관광정보센터,140-780 서울 용산구 한강로3가 40-999 ,"04377 서울 용산구 한강대로23길 55 (한강로3가, 용산역) ",,
성곡미술관,110-062 서울 종로구 신문로2가 1-101 ,"03175 서울 종로구 경희궁길 42 (신문로2가, 성곡미술관) ",,
성균관 명륜당,110-812 서울 종로구 명륜동3가 53,110-812 서울특별시 종로구 성균관로 25-1 ,,
성균관대학교,110-745 서울 종로구 명륜3가 53-21 ,"03063 서울 종로구 성균관로 25-2 (명륜3가, 성균관대학교) ",,
성수구름다리, 서울 성동구 성수동1가 642-25 ,04770 서울 성동구 강변북로 257  ,127.041790310245,37.5388792394955
성신여대 복식박물관 및 자연사박물관, 서울 강북구 미아동 147 ,"01133 서울 강북구 도봉로76가길 55 (미아동, 성신여자대학교운정그린캠퍼스) 운정그린캠퍼스 B1",127.027267821575,37.6319502096419
성우이용원,  ,04183 서울 마포구 효창원로97길 4-1 ,,
성원전주콩나물국밥, 서울 중구 명동2가 4-1 ,04537 서울 중구 명동10길 19-10 (명동2가) ,126.985979003679,37.5630267002209
세검정,110-010 서울 종로구 신영동 168-6,03018 서울특별시 종로구 세검정로 244 (세검정) ,,
세븐웰제화,  ,04509 서울 중구 칠패로 6 ,,
세빛섬, 서울 서초구 반포동 650 ,06500 서울 서초구 올림픽대로 2085-14 (반포동) ,126.993422447909,37.5119839656501
세운상가,110-430 서울 종로구 장사동 116-4 ,"03194 서울 종로구 청계천로 159 (장사동, 세운상가) ",,
세운청계상가, 서울 중구 산림동 207-1 ,"04545 서울 중구 청계천로 160 (산림동, 세운청계상가) ",126.995368505665,37.5680488733938
셋이서문학관,  ,03308 서울시 은평구 진관길 23 셋이서문학관,,
한국가구박물관,136-823 서울 성북구 성북동 330-577 330-577,"02822 서울 성북구 대사관로 121 (성북동, 한국가구박물관) ",,
소극장 산울림,  ,04052 서울 마포구 와우산로 157 ,,
소덕문 터(옛 서소문),100-814 서울 중구 서소문동 58-25 ,04513 서울 중구 서소문로 100 (중앙일보 구관) ,,
손가네닭한마리, 서울 종로구 숭인동 201-13 ,"03115 서울 종로구 종로66가길 10 (숭인동, 유림빌딩) ",127.021381625564,37.5736970792637
손기정기념관,100-372 서울 중구 만리동2가 6-1 6-1,04501 서울 중구 손기정로 101 (손기정 체육공원) ,,
손기정문화도서관, 서울 중구 만리동2가 6-1 ,04501 서울 중구 손기정로 101 (손기정공원) ,126.964583684813,37.555597735109
송림수제화,  ,04543 서울특별시 중구 수표로 60-1 (을지로3가 5-10)3~4층 ,,
영등포관광정보센터,150-798 서울 영등포구 영등포동4가 442 ,"07305 서울 영등포구 영중로 15 (영등포동4가, 타임스퀘어) ",,
송월동 일대,110-101 서울 종로구 송월동 일대,110-101 서울특별시 종로구 송월동 일대 ,,
송은(SONGEUN), 서울 강남구 청담동 92-9 ,06016 서울 강남구 도산대로 441 (청담동) ,127.044044403045,37.5241758821417
송파관광정보센터,138-240 서울 송파구 신천동 32 ,"05617 서울 송파구 잠실로 180 (신천동, 송파관광정보센터) ",,
쇳대박물관, 서울 종로구 이화동 9-444 187-8,03088 서울 종로구 낙산성곽서1길 24 (이화동) ,,
수유어묵공장,  ,01117 서울 강북구 도봉로67길 18 ,,
순희네 반찬,  ,03195 서울 종로구 창경궁로 88 1층 광장시장 65-1 ,,
순라길,110-380 서울시 종로구 권농동 113 일대  원남동 151-6번지에서 인의동 90-5번지,03134 서울시 종로구 서순라길 161 (권농동) 일대 ,,
숭례문(남대문),100-094 서울 중구 남대문로4가 29 ,04528 서울 중구 세종대로 40 (숭례문(남대문)) ,,
쉼박물관,110-020 서울 종로구 홍지동 36-20 ,03015 서울 종로구 세검정로 209-17 (쉼박물관) ,,
스페이스 씨,135-120 서울 강남구 신사동 627-8 스페이스씨,"135-120 서울특별시 강남구 언주로 827, 스페이스씨 (신사동) ",,
용산공원갤러리, 서울 용산구 한강로1가 1-1 ,04322 서울 용산구 한강대로 237 ,126.972463802885,37.5388010721099
승진완구	,  ,03120 서울 종로구 종로52길 30 ,,
한국금융사박물관, 서울 중구 태평로1가 62-12 ,"04519 서울 중구 세종대로 135-5 (태평로1가, 조흥금융박물관) 3, 4층 ",126.976425244241,37.5685888296486
신당창작아케이드,100-868 서울 중구 황학동 119 신당지하쇼핑센터,04571 서울 중구 마장로 87 (황학동) 신당지하쇼핑센터,,
신락원, 서울 동대문구 전농동 60-32 ,02506 서울 동대문구 전농로20길 2 (전농동) ,127.057181887976,37.5788851655596
신아기념관, 서울 중구 정동 1-28 ,"04518 서울 중구 정동길 33 (정동, 신아일보) ",126.972163155646,37.5662190936015
신안촌,110-053 서울특별시 종로구 내자동 152,03169 서울특별시 종로구 사직로12길 8 (내자동) ,,
신촌역사 관광안내소,120-140 서울 서대문구 신촌동 74-12 ,"03765 서울 서대문구 신촌역로 30 (신촌동, 신촌민자역사) 신촌역사 내",,
신흥상회,  ,07299 서울 영등포구 도림로126길 1 (문래동3가) ,,
함스브로트과자점, 서울 도봉구 쌍문동 88-106 ,01443 서울 도봉구 도봉로 483 (쌍문동) ,127.03453639828,37.6489473625103
쌍마스튜디오, 서울 영등포구 여의도동 24-5 ,"07327 서울 영등포구 여의나루로 81 (여의도동, 한마루빌딩) ",126.927770089385,37.5243238280008
아다모스튜디오,  ,04776 서울 성동구 둘레15길 16 202호 주차장옆 외부계단 ,,
아라리오갤러리 서울,110-200 서울특별시 종로구 소격동 76 ,03053 서울특별시 종로구 북촌로5길 84 (소격동) ,,
아라리오뮤지엄 인 스페이스,110-280 서울 종로구 원서동 219 ,03058 서울 종로구 율곡로 83 (원서동) ,,
아르코 미술관,110-809 서울 종로구 동숭동 1-130 ,"03087 서울 종로구 동숭길 3 (동숭동, 한국문화예술진흥원) ",,
아름다운 차박물관,110-290 서울 종로구 인사동 193-1 193-1번지,03162 서울 종로구 인사동길 19-11 ,,
아모레퍼시픽미술관, 서울 용산구 한강로2가 424 ,"04386 서울 용산구 한강대로 100 (한강로2가, 아모레퍼시픽) ",126.968617425948,37.5288520713448
아원공방,  ,03053 서울 종로구 북촌로5가길 3 ,,
아트사이드 갤러리, 서울 종로구 통의동 32 ,"03044 서울 종로구 자하문로6길 15 (통의동, 갤러리 아트싸이드) ",126.972946031397,37.5782683724918
안경박사 본점, 서울 성북구 정릉동 414-10 ,"02718 서울 성북구 보국문로 10 (정릉동, 부광빌딩) ",127.011718461754,37.6055398661903
애플하우스, 서울 동작구 사당동 138-4 ,"07008 서울 동작구 동작대로27다길 29 (사당동, 서광시티뷰) 2층",126.980635705923,37.4862606351866
이음피움 봉제역사관, 서울 종로구 창신동 647-50 ,"03097 서울 종로구 창신4가길 26 (창신동, 이음피움 봉제역사관) ",127.010315251354,37.5748030042929
형제대장간 , 서울 은평구 수색동 102-49 ,03504 서울 은평구 수색로 249 (수색동) ,126.896044689867,37.5814644113401
안동교회 소허당,110-240 서울 종로구 안국동 27 27번지,03061 서울 종로구 윤보선길 57 (안동교회) ,,
안중근의사기념관,100-802 서울 중구 남대문로5가 471 471-2번지,"04636 서울 중구 소월로 91 (남대문로5가, 안중근의사기념관) ",,
암사동 선사주거지,134-876 서울 강동구 암사동 155 ,05239 서울 강동구 올림픽로 875 (서울 암사동 유적) ,,
약현성당,100-858 서울 중구 중림동 149-2 149-2,04506 서울시 중구 청파로 447-1 ,,
양화진외국인선교사묘원,121-883 서울 마포구 합정동 144 ,"04084 서울 마포구 양화진길 46 (합정동, 양화진홍보관) ",,
어린이대공원 꿈마루, 서울 광진구 능동 18 ,"04991 서울 광진구 능동로 216 (능동, 어린이대공원) ",127.081029366122,37.5495607217233
엘부림양복점, 서울 동대문구 답십리동 488-46 ,"02621 서울 동대문구 전농로 24 (답십리동, 계림빌딩) ",127.056937932843,37.5670030534555
연세대 캠퍼스,120-749 서울 서대문구 신촌동 134 ,"03722 서울 서대문구 연세로 50 (신촌동, 연세대학교) ",,
연세대학교 스팀슨관&언더우드관&아펜젤러관,120-140 서울 서대문구 신촌동 134,03722 서울특별시 서대문구 연세로 50 (신촌동) ,,
연희사진관,  ,03767 서울 서대문구 이화여대길 16 ,,
영학정,158-050 서울 양천구 목동 915 409-74,07990 서울 양천구 목동동로 316-8 (영학정) ,,
영휘원 숭인원(홍릉),130-868 서울 동대문구 청량리동 205 ,02456 서울 동대문구 홍릉로 90 (영휘원) ,,
예문사,  ,04550 서울 중구 을지로 126-1 ,,
예술가의 집 (구 서울대학교 본관),110-809 서울 종로구 동숭동 1-130,110-809 서울특별시 종로구 동숭길 3 (동숭동) ,,
옛날집낙원아구찜, 서울 종로구 낙원동 48 ,03133 서울 종로구 삼일대로 436 (낙원동) ,126.98800593666,37.5734959527358
옛시장실 재현 공간, 서울 중구 태평로1가 31 서울도서관 3층,"04524 서울 중구 세종대로 110 (태평로1가, 서울특별시청) 서울도서관 3층",126.978203640984,37.566585446882
오보코 갤러리,136-823 서울 성북구 성북동 26-4 오보코갤러리,02837 서울특별시 성북구 선잠로5길 15  (성북동) ,,
오장동함흥냉면,100-310 서울 중구 오장동 90-10 90-10,"04559 서울 중구 마른내로 108 (오장동, 오장동함흥냉면) ",,
옥상정원 (The Roof), 서울 중구 봉래동2가 122-11 ,"04509 서울 중구 한강대로 405 (봉래동2가, 경부고속철도서울민자역사) ",126.969433231383,37.55600841335
용산공원 부분개방부지, 서울 용산구 용산동6가 22-1 ,"04383 서울 용산구 서빙고로 221 (용산동6가, 미군 장교숙소5단지) ",126.988912329235,37.5223435468049
운현궁 ,110-350 서울 종로구 운니동 114-10 ,03131 서울 종로구 삼일대로 464 (운현궁) ,,
원효로성당,140-850 서울 용산구 원효로4가 1-1 원효로성당,04361 서울 용산구 원효로19길 49 (원효로4가) ,,
유림면,100-813 서울 중구 서소문동 16 16,04515 서울 중구 서소문로 139-1 (서소문동) ,,
유일한의원,  ,03124 서울 종로구 율곡로30길 17-3 ,,
유홍식 수제화 명장 1호,  ,04794 서울 성동구 아차산로 97 2층 ,,
윤봉길 의사 기념관,137-893 서울 서초구 양재동 236 ,06773 서울 서초구 매헌로 99 ,,
은평한옥마을, 서울 은평구 진관동 135-5 ,"03308 서울 은평구 연서로50길 8 (진관동, 은평역사한옥박물관) 은평한옥마을",126.938008171987,37.6403336262874
을지다방,  ,04550 서울 중구 을지로 124-1 2층 ,,
의릉,136-716 서울 성북구 석관동 산1-5 ,02789 서울 성북구 화랑로32길 146-37 (의릉) ,,
이태원 관광안내소(지하),140-863 서울 용산구 이태원동 119-23 ,"04350 서울 용산구 이태원로 지하 177 (이태원동, 6호선 이태원역) 이태원역사 내",,
이태원북스, 서울 용산구 이태원동 533 ,04345 서울 용산구 녹사평대로 208 (이태원동) ,126.987244105525,37.53625898833
이화명주,  ,06577 서울 서초구 사평대로26길 30 ,,
익선동 한옥거리, 서울 종로구 익선동 160-1 ,03133 서울 종로구 돈화문로11가길 17 (익선동) ,126.990918942394,37.5733888141636
인천공항 제2여객터미널 관광정보센터 , 인천 중구 운서동 2868 ,22382 인천 중구 제2터미널대로 444 (제2합동청사) 인천국제공항 제2여객터미널 1층 입국장,126.437520618366,37.4684322176904
창덕궁 후원 , 서울 종로구 와룡동 2-71 ,"03072 서울 종로구 율곡로 99 (와룡동, 창덕궁) ",126.991322772069,37.5827695454415
자하문터널, 서울 종로구 청운동 , 서울 종로구 청운동 ,126.969329763593,37.5891974378629
인천국제공항 제 1터미널 서울관광정보센터 (동편), 인천 중구 운서동 2851 2840 인천국제공항 1층 입국장 5번출구,22382 인천 중구 공항로 272 인천국제공항 제1여객터미널  1층 입국장 5번출구,,
인천국제공항 제 1터미널 서울관광정보센터 (서편), 인천 중구 운서동 2851 ,22382 인천 중구 공항로 272 인천국제공항 제1여객터미널  1층 입국장 10번 출구,126.452569722753,37.4478413047644
일민미술관,110-050 서울 종로구 세종로 139-8 ,"03187 서울 종로구 세종대로 152 (세종로, 일민미술관) ",,
일자산허브천문공원, 서울 강동구 둔촌동 산86 ,134-060 서울 강동구 둔촌동 산86 ,127.154246253068,37.5374114232963
잉꼬네떡볶이,  ,02060 서울 중랑구 용마산로120길 43 ,,
장희빈 우물터, 서울 서대문구 연희동 120-21 ,03702 서울 서대문구 연희로15길 74 (연희동) ,126.929203680517,37.5704518650506
전쟁기념관,140-021 서울 용산구 용산동1가 8 ,"04353 서울 용산구 이태원로 29 (용산동1가, 전쟁기념관) ",,
전태일기념관, 서울 종로구 관수동 152-1 ,"03191 서울 종로구 청계천로 105 (관수동, 전태일기념관) ",126.989288652662,37.5684793344617
절두산순교성지,121-883 서울 마포구 합정동 96-1 ,"04085 서울 마포구 토정로 6 (합정동, 한국천주교순교자박물관) ",,
정독도서관,110-210 서울 종로구 화동 2 ,03055 서울 종로구 북촌로5길 48 (정독도서관) ,,
정동1928 아트센터,100-120 서울 중구 정동 1-23 정동1928 아트센터,"04519 서울 중구 덕수궁길 130 (정동, 구세군중앙회관) 정동1928 아트센터",,
정동극장,100-120 서울 중구 정동 8-11 ,"04518 서울 중구 정동길 43 (정동, 정동극장) ",,
정동길,100-151 서울 중구 충정로1가 51-11 ,04516 서울 중구 정동길 2 (충정로1가) ,,
정동전망대, 서울 중구 서소문동 37 ,"04515 서울 중구 덕수궁길 15 (서소문동, 서울시청 서소문별관) ",126.974440618213,37.5643085958526
정동제일교회, 서울특별시 중구 정동 34,04516 서울특별시 중구 정동길 46  (정동) ,,
정릉,136-851 서울 성북구 정릉동 508 508,"02813 서울 성북구 아리랑로19길 116 (정릉동, 정릉) ",,
젬브로스, 서울 강남구 논현동 15-6 ,06039 서울 강남구 강남대로146길 41 퀸스빌 ,127.023403275764,37.5157618123387
조계사,110-170 서울 종로구 견지동 45,03144 서울특별시 종로구 우정국로 55 (조계사) ,,
종로 은행나무집, 서울 종로구 관철동 33-3 2~3층,"03191 서울 종로구 삼일대로 382 (관철동, 신영빌딩) 2~3층",126.988072810786,37.5686993311209
종로양복점, 서울 중구 저동2가 78 ,04551 서울 중구 수표로 45 (을지비즈센터) 618호 종로양복점,126.989679812578,37.5654537350414
종묘,110-400 서울 종로구 훈정동 1-2 ,"03135 서울 종로구 종로 157 (훈정동, 종묘공원) ",,
종묘돌담길, 서울 종로구 훈정동 1-2 ,03135 서울 종로구 권농동 104-1 ,126.994051548246,37.57470743926
종이나라박물관,100-391 서울 중구 장충동1가 62-35 62-35,"04606 서울 중구 장충단로 166 (장충동1가, 종이나라빌딩) ",,
중랑망우공간, 서울 중랑구 망우동 산 57-1 ,"02178 서울 중랑구 망우로91길 2 (망우동, 중랑 망우공간) ",127.115657194953,37.5955111654958
중앙고등학교, 서울 종로구 계동 1 ,"03051 서울 종로구 창덕궁길 164 (계동, 중앙고등학교) ",126.986866068622,37.5840957563217
중앙상회, 서울 종로구 계동 2-105 ,03051 서울 종로구 창덕궁길 162 (계동) ,126.986953409521,37.5831558497677
지대방,  ,03149 서울 종로구 인사동길 33 2층 ,,
진고개 동대문점, 서울 종로구 창신동 550-1 ,03106 서울 종로구 종로 301-1 (창신동) ,127.011247859738,37.5720915552054
진관사, 서울특별시 은평구 진관동 354,03308 서울특별시 은평구 진관길 73 (진관동) ,126.946629912403,37.638080334124
진아춘 광화문점,110-999 서울 종로구 신문로1가 163 ,"03186 서울 종로구 새문안로 92 (신문로1가, 광화문오피시아) ",,
짚풀생활사박물관,110-522 서울 종로구 명륜2가 8-4 ,03075 서울 종로구 성균관로4길 45 (명륜2가) ,,
창신동 절벽마을, 서울 종로구 창신동 23-322 ,03091 서울 종로구 낙산5길 51 ,127.011374472707,37.5784203995134
창경궁,110-360 서울 종로구 와룡동 2-1 ,"03072 서울 종로구 창경궁로 185 (와룡동, 창경궁) ",,
창경궁 대온실 , 서울 종로구 와룡동 2-1 ,"03072 서울 종로구 창경궁로 185 (와룡동, 창경궁) ",126.995028629331,37.5810625570213
창덕궁,110-360 서울 종로구 와룡동 2-71 ,"03072 서울 종로구 율곡로 99 (와룡동, 창덕궁) ",,
창덕궁 후원 , 서울 종로구 와룡동 2-71 ,"03072 서울 종로구 율곡로 99 (와룡동, 창덕궁) ",126.991322772069,37.5827695454415
청계천박물관,133-814 서울 성동구 마장동 527-4 ,"04704 서울 성동구 청계천로 530 (마장동, 청계천박물관) ",,
청와대,110-820 서울 종로구 세종로 1 ,03048 서울 종로구 청와대로 1 (세종로) ,,
청원산방, 서울 종로구 계동 79-12 79-12,03056 서울 종로구 북촌로6길 27 (계동) ,,
청전이상범 가옥, 서울 종로구 누하동 178 ,03039 서울 종로구 필운대로 31-7 (누하동) ,126.968398565118,37.5788482938018
청진옥 , 서울 종로구 청진동 183-1 ,"03156 서울 종로구 종로3길 32 (청진동, 청진빌딩) 1층",126.979477427822,37.5717392795208
초대길, 서울 강북구 수유동 산 73-23 ,01013 서울 강북구 4.19로 114 (수유동) 근현대사기념관 (출발),127.002937816937,37.6434472803647
초전섬유퀼트박물관,100-041 서울 중구 남산동1가 20 20 제일문화원 1층,04630 서울 중구 퇴계로18길 66 (제일빌딩) ,,
최만린미술관, 서울 성북구 정릉동 716-16 ,02708 서울 성북구 솔샘로7길 23 (정릉동) ,127.004320980874,37.6106757392174
춘당지, 서울 종로구 와룡동 2-1 ,"03072 서울 종로구 창경궁로 185 (와룡동, 창경궁) ",126.995028629331,37.5810625570213
춘원당 한의약박물관,110-320 서울 종로구 낙원동 154 ,03139 서울 종로구 돈화문로9길 27 (춘원당한방박물관) ,,
춘추사,  ,03767 서울 서대문구 이화여대8길 10 ,,
카이스갤러리,135-896 서울 강남구 신사동 638-9 1층,06017 서울 강남구 언주로174길 13 (신사동) 1층,,
코엑스,135-731 서울 강남구 삼성동 159 ,"06164 서울 강남구 영동대로 513 (삼성동, 코엑스) ",,
태극당,  ,04617 서울 중구 동호로24길 7 ,,
"태릉, 강릉",139-804 서울 노원구 공릉동 산 223-19 ,"01794 서울 노원구 화랑로 681 (공릉동, 태강릉) ",,
터방내,  , 서울 동작구 흑석로 101-7 ,,
통문관,  ,03145 서울 종로구 인사동길 55-1 ,,
평택쌀상회,  ,08568 서울 금천구 독산로40길 27-5 ,,
풍납토성, 서울 송파구 풍납동 80-36 ,05512 서울특별시 송파구 한가람로20길 30 (풍납동) ,127.120901586169,37.5386902248684
피겨앤그라운드, 서울 강남구 신사동 543 ,"06036 서울 강남구 논현로153길 53 (신사동, 피겨앤그라운드) ",127.023948870991,37.5201634647826
피규어뮤지엄W,135-954 서울 강남구 청담동 84-9 ,"06014 서울 강남구 선릉로158길 3 (청담동, Ys Roo) ",,
피터팬1978,  ,03698 서울 서대문구 증가로 10 ,,
하늘물빛 (전통 천연 염색 연구소) , 서울 종로구 숭인동 72-35 ,03113 서울 종로구 종로63라길 8 6층 옥상 ,127.01808181459,37.5746221415389
학림다방,  ,03079 서울 종로구 대학로 119 2층 ,,
학사당구장, 서울 동대문구 제기동 137-46 ,02473 서울 동대문구 안암로 154 (제기동) 2층,127.035046873313,37.5883584766786
한강 이랜드크루즈,150-897 서울 영등포구 여의도동 85-1 ,07337 여의도선착장 : 서울 영등포구 여의도동 85-1 / 잠실 선착장 :  서울 송파구 잠실동 1-2 ,,
한강초교앞보도육교, 서울 용산구 한강로3가 , 서울 용산구 한강로3가 ,126.962182447512,37.5276608637794
한국은행화폐박물관,100-794 서울 중구 남대문로3가 110번지 한국은행 건물,"100-794 서울특별시 중구 남대문로 39, 한국은행건물 (남대문로3가) ",,
한상수자수박물관, 서울 성북구 성북동 58-13 11-32번지,02836 서울 성북구 성북로16길 4-10 (성북동) ,,
한성백제박물관,138-829 서울 송파구 방이동 88-20 88-20,"05540 서울 송파구 위례성대로 71 (방이동, 한성백제박물관) ",,
한신옹기, 서울 용산구 용산동2가 5-1612 ,04338 서울 용산구 신흥로 7 (용산동2가) ,126.986511887938,37.5391074195957
한영양복점,  ,04631 서울 중구 퇴계로20길 2 ,,
합덕슈퍼, 서울 용산구 한남동 685-1 ,04400 서울 용산구 이태원로42길 20 (한남동) ,126.999937431642,37.5356967320401
해방촌 골목,140-841 서울 용산구 용산동2가 11-13 ,04339 서울 용산구 신흥로 90 (용산동2가) ,,
해창양복점,100-070 서울 중구 소공동 81 ,04532 서울 중구 남대문로7길 33 (소공동) 소공빌딩 101호,,
허준박물관,157-202 서울 강서구 가양2동 26-5,07525 서울특별시 강서구 허준로 87 (가양동) ,,
"현대카드 뮤직 라이브러리, 현대카드 바이닐앤플라스틱", 서울 용산구 한남동 683-132 ,04400 서울 용산구 이태원로 246 (한남동) ,127.000680566649,37.5366284548113
혜성미용실, 서울 구로구 오류동 11-25 ,08269 서울 구로구 고척로6길 42 (오류동) ,126.841091836141,37.4965827954586
혜화문,110-530 서울 종로구 혜화동 28-5 ,"03076 서울 종로구 창경궁로 307 (혜화동, 혜화문) ",,
호림박물관 (신사분관),135-897 서울 강남구 신사동 651-24 ,"06021 서울 강남구 도산대로 317 (신사동, 호림아트센터 1빌딩) ",,
호미화방,  ,04039 서울 마포구 홍익로3길 20 1층 ,,
홍대R1 레드컬처마켓, 서울 마포구 서교동 348-24 ,04055 서울 마포구 서교동 348-24 ,126.926273606023,37.5564346247377
홍익문고, 서울 서대문구 창천동 18-49 ,03779 서울 서대문구 연세로 2  ,126.937059050425,37.5557663801429
홍지문 탕춘대성, 서울 종로구 홍지동 산 4번지,03021 서울특별시 종로구 세검정로 212 (홍지동) ,126.958433131882,37.5977929887218
화계사,142-875 서울 강북구 수유1동 487 ,"01095 서울 강북구 화계사길 117 (수유동, 화계사) ",,
환구단(원구단), 서울시 중구 소공동 87-1 , 서울시 중구 소공로 106 (소공동) ,126.980099468802,37.5644389782816
황학정,110-054 서울 종로구 사직동 산 1-1 ,03027 서울 종로구 사직로9길 15-32 (사직동) ,,
황해이발관, 서울 강북구 미아동 791-1622 ,01108 서울 강북구 솔매로 35-1 (미아동) ,127.016312365869,37.6255321640365
미림분식,  , 서울 관악구 호암로 553 ,,
DDP 관광안내소,100-197 서울 중구 을지로7가 2-1 ,"04566 서울 중구 을지로 281 (을지로7가, 디자인장터) 지하 2층 종합안내소",,
갤러리 지우헌, 서울 종로구 가회동 31-94 ,03052 서울 종로구 북촌로11라길 13 (가회동) ,126.982944762972,37.5832994975905
광화문광장,110-050 서울 종로구 세종로 1-68,03154 서울특별시 종로구 세종대로 172 ,,
광화문광장 야경, 서울 종로구 세종로 1-68 ,03154 서울 종로구 세종대로 지하 172  ,126.976901845925,37.5724324798007
김용안과자점, 서울 용산구 한강로2가 259-1 ,04376 서울 용산구 한강대로 155-1 (한강로2가) ,126.97125260117,37.5330715008536
김중업 건축문화의집, 서울 성북구 장위동 230-49 ,02755 서울 성북구 장위로21나길 11 (장위동) ,127.04408748702,37.6149827789258
다락, 서울 마포구 도화동 340 ,"04172 서울 마포구 도화2길 8 (도화동, 에어몰 빌딩) ",126.948748551319,37.5400608679434
대각사,110-390 서울 종로구 봉익동 3 ,03134 서울 종로구 율곡로10길 87 (대각사) ,,
대구참기름집,110-800 서울 종로구 계동 79-8 ,03056 서울 종로구 계동길 67 (계동) ,,
등촌 최월선칼국수, 서울 강서구 등촌동 654-95 ,07571 서울 강서구 화곡로64길 68 (등촌동) ,126.856705473189,37.55604047459
라플루마앤보헤미안,  ,02842 서울 성북구 고려대로27길 18 ,,
삼우치킨센타, 서울 영등포구 대림동 960-4 ,07442 서울 영등포구 시흥대로 671 (대림동) ,126.908148793163,37.4916407625594
손맛김밥,  ,03036 서울 종로구 자하문로15길 18 ,,
아트선재센터,110-200 서울 종로구 소격동 144-2 144-2,"03062 서울 종로구 율곡로3길 87 (소격동, 아트선재센타) ",,
안녕인사동 , 서울 종로구 관훈동 155-2 안녕인사동 ,03145 서울 종로구 인사동길 49 (관훈동) 안녕인사동 ,126.983795661777,37.5745525870897
용산공예관, 서울 용산구 한남동 728-10 ,"04399 서울 용산구 이태원로 274 (한남동, 용산공예관) ",127.00205602217,37.5390310463818
자성당약국, 서울 강서구 공항동 18-80 ,07616 서울 강서구 방화대로21길 76 (공항동) ,126.812512232591,37.563984727712
창의문,110-030 서울시 종로구 부암동 277-11 ,03020 서울특별시 종로구 창의문로 118  (부암동) ,,
코끼리분식, 서울 마포구 도화동 345-4 ,04172 서울 마포구 도화2길 3 (도화동) ,126.948802904396,37.5403318221858
헌인릉,137-180 서울 서초구 내곡동 산 13-1 ,06795 서울 서초구 헌인릉길 36-10 (헌인릉) ,,
효성한의원, 서울 동대문구 제기동 1140-55 ,"02569 서울 동대문구 약령중앙로 5 (제기동, 대산빌딩) ",127.036548198586,37.5788351529759
효자베이커리,  ,03036 서울 종로구 필운대로 54 ,,
훼드라,  ,03789 서울 서대문구 연세로5길 32 ,,
휘가로, 서울 관악구 신림동 241-24 ,08814 서울 관악구 신림로11길 20 (신림동) ,126.93871195589,37.4695876537005
흑석동 효사길,156-860 서울 동작구 흑석동 173-191 173-191,"06910 서울 동작구 흑석동 효사 4, 5길 ",,
흥인지문(동대문),110-126 서울 종로구 종로6가 69 ,"03119 서울 종로구 종로 288 (종로6가, 흥인지문) ",,
힐스트링,  ,06711 서울 서초구 반포대로1길 8 성호빌딩 3층  ,,
